{"title":"Portfolio", "items": [{
                    "order": 0,
                    "img": "0.jpg",
                    "title": "Foto 1",
                    "body": "Foto 1"
                },{
                    "order": 1,
                    "img": "1.jpg",
                    "title": "Foto 2",
                    "body": "Foto 2"
                },{
                    "order": 2,
                    "img": "2.jpg",
                    "title": "Foto 3",
                    "body": "Foto 3"
                }]}