{
    "title": "Entre em contato",
    "fields":{
        "name": {"label": "Nome", "type": "text", "require": "true", "emptyError": "Preencha"},
        "email": {"label": "Email", "type": "email", "require": "true", "emptyError": "Preencha"},
        "phone": {"label": "Telefone", "type": "text", "require": "true", "emptyError": "Preencha"},
        "message": {"label": "Mensagem", "type": "text", "require": "true", "emptyError": "Preencha"},
        "send": {"label": "Enviar", "type": "text", "require": "true", "emptyError": "Preencha"}
    }
}