{"title":"Portfolio", "items": [{
                    "order": 0,
                    "img": "0.jpg",
                    "title": "Foto 1",
                    "body": "Foto 1"
                },{
                    "order": 1,
                    "img": "1.jpg",
                    "title": "Foto 2",
                    "body": "Foto 2"
                },{
                    "order": 2,
                    "img": "2.jpg",
                    "title": "Foto 3",
                    "body": "Foto 3"
                },{
                    "order": 3,
                    "img": "3.jpg",
                    "title": "Foto 4",
                    "body": "Foto 4"
                },{
                    "order": 4,
                    "img": "4.jpg",
                    "title": "Foto 5",
                    "body": "Foto 5"
                },{
                    "order": 5,
                    "img": "5.jpg",
                    "title": "Foto 6",
                    "body": "Foto 6"
                },{
                    "order": 6,
                    "img": "6.jpg",
                    "title": "Foto 7",
                    "body": "Foto 7"
                },{
                    "order": 7,
                    "img": "7.jpg",
                    "title": "Foto 8",
                    "body": "Foto 8"
                }]}