{"title":"Portfolio", "items": [{
                    "order": 0,
                    "img": "5.jpg",
                    "title": "Foto 1",
                    "body": "Foto 1"
                },{
                    "order": 1,
                    "img": "6.jpg",
                    "title": "Foto 2",
                    "body": "Foto 2"
                },{
                    "order": 2,
                    "img": "7.jpg",
                    "title": "Foto 3",
                    "body": "Foto 3"
                }]}