{"title":"Portfolio", "items": [{
                    "order": 0,
                    "img": "0.jpg",
                    "title": "Foto 1",
                    "body": "Foto 1"
                },{
                    "order": 1,
                    "img": "1.jpg",
                    "title": "Foto 2",
                    "body": "Foto 2"
                },{
                    "order": 2,
                    "img": "10.jpg",
                    "title": "Foto 3",
                    "body": "Foto 3"
                },{
                    "order": 3,
                    "img": "11.jpg",
                    "title": "Foto 4",
                    "body": "Foto 4"
                },{
                    "order": 4,
                    "img": "12.jpg",
                    "title": "Foto 5",
                    "body": "Foto 5"
                },{
                    "order": 5,
                    "img": "13.jpg",
                    "title": "Foto 6",
                    "body": "Foto 6"
                },{
                    "order": 6,
                    "img": "14.jpg",
                    "title": "Foto 7",
                    "body": "Foto 7"
                },{
                    "order": 7,
                    "img": "15.jpg",
                    "title": "Foto 8",
                    "body": "Foto 8"
                },{
                    "order": 8,
                    "img": "16.jpg",
                    "title": "Foto 9",
                    "body": "Foto 9"
                },{
                    "order": 9,
                    "img": "17.jpg",
                    "title": "Foto 10",
                    "body": "Foto 10"
                },{
                    "order": 10,
                    "img": "3.jpg",
                    "title": "Foto 11",
                    "body": "Foto 11"
                },{
                    "order": 11,
                    "img": "4.jpg",
                    "title": "Foto 12",
                    "body": "Foto 12"
                },{
                    "order": 12,
                    "img": "5.jpg",
                    "title": "Foto 13",
                    "body": "Foto 13"
                },{
                    "order": 13,
                    "img": "6.jpg",
                    "title": "Foto 14",
                    "body": "Foto 14"
                },{
                    "order": 14,
                    "img": "7.jpg",
                    "title": "Foto 15",
                    "body": "Foto 15"
                },{
                    "order": 15,
                    "img": "8.jpg",
                    "title": "Foto 16",
                    "body": "Foto 16"
                },{
                    "order": 16,
                    "img": "9.jpg",
                    "title": "Foto 17",
                    "body": "Foto 17"
                },{
                    "order": 17,
                    "img": "webp.jpg",
                    "title": "Foto 18",
                    "body": "Foto 18"
                }]}